,driverId,driverRef,number,code,dob,nationality,full name
0,1,hamilton,44,HAM,1985-01-07,British,Lewis Hamilton
1,2,heidfeld,\N,HEI,1977-05-10,German,Nick Heidfeld
2,3,rosberg,6,ROS,1985-06-27,German,Nico Rosberg
3,4,alonso,14,ALO,1981-07-29,Spanish,Fernando Alonso
4,5,kovalainen,\N,KOV,1981-10-19,Finnish,Heikki Kovalainen
5,6,nakajima,\N,NAK,1985-01-11,Japanese,Kazuki Nakajima
6,7,bourdais,\N,BOU,1979-02-28,French,Sébastien Bourdais
7,8,raikkonen,7,RAI,1979-10-17,Finnish,Kimi Räikkönen
8,9,kubica,88,KUB,1984-12-07,Polish,Robert Kubica
9,10,glock,\N,GLO,1982-03-18,German,Timo Glock
10,11,sato,\N,SAT,1977-01-28,Japanese,Takuma Sato
11,12,piquet_jr,\N,PIQ,1985-07-25,Brazilian,Nelson Piquet Jr.
12,13,massa,19,MAS,1981-04-25,Brazilian,Felipe Massa
13,14,coulthard,\N,COU,1971-03-27,British,David Coulthard
14,15,trulli,\N,TRU,1974-07-13,Italian,Jarno Trulli
15,16,sutil,99,SUT,1983-01-11,German,Adrian Sutil
16,17,webber,\N,WEB,1976-08-27,Australian,Mark Webber
17,18,button,22,BUT,1980-01-19,British,Jenson Button
18,19,davidson,\N,DAV,1979-04-18,British,Anthony Davidson
19,20,vettel,5,VET,1987-07-03,German,Sebastian Vettel
20,21,fisichella,\N,FIS,1973-01-14,Italian,Giancarlo Fisichella
21,22,barrichello,\N,BAR,1972-05-23,Brazilian,Rubens Barrichello
22,23,ralf_schumacher,\N,SCH,1975-06-30,German,Ralf Schumacher
23,24,liuzzi,\N,LIU,1980-08-06,Italian,Vitantonio Liuzzi
24,25,wurz,\N,WUR,1974-02-15,Austrian,Alexander Wurz
25,26,speed,\N,SPE,1983-01-24,American,Scott Speed
26,27,albers,\N,ALB,1979-04-16,Dutch,Christijan Albers
27,28,markus_winkelhock,\N,WIN,1980-06-13,German,Markus Winkelhock
28,29,yamamoto,\N,YAM,1982-07-09,Japanese,Sakon Yamamoto
29,30,michael_schumacher,\N,MSC,1969-01-03,German,Michael Schumacher
30,31,montoya,\N,MON,1975-09-20,Colombian,Juan Pablo Montoya
31,32,klien,\N,KLI,1983-02-07,Austrian,Christian Klien
32,33,monteiro,\N,TMO,1976-07-24,Portuguese,Tiago Monteiro
33,34,ide,\N,IDE,1975-01-21,Japanese,Yuji Ide
34,35,villeneuve,\N,VIL,1971-04-09,Canadian,Jacques Villeneuve
35,36,montagny,\N,FMO,1978-01-05,French,Franck Montagny
36,37,rosa,\N,DLR,1971-02-24,Spanish,Pedro de la Rosa
37,38,doornbos,\N,DOO,1981-09-23,Dutch,Robert Doornbos
38,39,karthikeyan,\N,KAR,1977-01-14,Indian,Narain Karthikeyan
39,40,friesacher,\N,FRI,1980-09-26,Austrian,Patrick Friesacher
40,41,zonta,\N,ZON,1976-03-23,Brazilian,Ricardo Zonta
41,42,pizzonia,\N,PIZ,1980-09-11,Brazilian,Antônio Pizzonia
42,43,matta,\N,\N,1973-09-19,Brazilian,Cristiano da Matta
43,44,panis,\N,\N,1966-09-02,French,Olivier Panis
44,45,pantano,\N,\N,1979-02-04,Italian,Giorgio Pantano
45,46,bruni,\N,\N,1981-05-30,Italian,Gianmaria Bruni
46,47,baumgartner,\N,\N,1981-01-01,Hungarian,Zsolt Baumgartner
47,48,gene,\N,\N,1974-03-29,Spanish,Marc Gené
48,49,frentzen,\N,\N,1967-05-18,German,Heinz-Harald Frentzen
49,50,verstappen,\N,\N,1972-03-04,Dutch,Jos Verstappen
50,51,wilson,\N,\N,1978-07-31,British,Justin Wilson
51,52,firman,\N,\N,1975-05-20,Irish,Ralph Firman
52,53,kiesa,\N,\N,1978-03-03,Danish,Nicolas Kiesa
53,54,burti,\N,\N,1975-03-05,Brazilian,Luciano Burti
54,55,alesi,\N,\N,1964-06-11,French,Jean Alesi
55,56,irvine,\N,\N,1965-11-10,British,Eddie Irvine
56,57,hakkinen,\N,\N,1968-09-28,Finnish,Mika Häkkinen
57,58,marques,\N,\N,1976-01-19,Brazilian,Tarso Marques
58,59,bernoldi,\N,\N,1978-10-19,Brazilian,Enrique Bernoldi
59,60,mazzacane,\N,\N,1975-05-08,Argentine,Gastón Mazzacane
60,61,enge,\N,\N,1976-09-11,Czech,Tomáš Enge
61,62,yoong,\N,\N,1976-07-20,Malaysian,Alex Yoong
62,63,salo,\N,\N,1966-11-30,Finnish,Mika Salo
63,64,diniz,\N,\N,1970-05-22,Brazilian,Pedro Diniz
64,65,herbert,\N,\N,1964-06-25,British,Johnny Herbert
65,66,mcnish,\N,\N,1969-12-29,British,Allan McNish
66,67,buemi,\N,BUE,1988-10-31,Swiss,Sébastien Buemi
67,68,takagi,\N,\N,1974-02-12,Japanese,Toranosuke Takagi
68,69,badoer,\N,BAD,1971-01-25,Italian,Luca Badoer
69,70,zanardi,\N,\N,1966-10-23,Italian,Alessandro Zanardi
70,71,damon_hill,\N,\N,1960-09-17,British,Damon Hill
71,72,sarrazin,\N,\N,1975-11-02,French,Stéphane Sarrazin
72,73,rosset,\N,\N,1968-07-27,Brazilian,Ricardo Rosset
73,74,tuero,\N,\N,1978-04-22,Argentine,Esteban Tuero
74,75,nakano,\N,\N,1971-04-01,Japanese,Shinji Nakano
75,76,magnussen,\N,MAG,1973-07-04,Danish,Jan Magnussen
76,77,berger,\N,\N,1959-08-27,Austrian,Gerhard Berger
77,78,larini,\N,\N,1964-03-19,Italian,Nicola Larini
78,79,katayama,\N,\N,1963-05-29,Japanese,Ukyo Katayama
79,80,sospiri,\N,\N,1966-10-07,Italian,Vincenzo Sospiri
80,81,morbidelli,\N,\N,1968-01-13,Italian,Gianni Morbidelli
81,82,fontana,\N,\N,1975-01-20,Argentine,Norberto Fontana
82,83,lamy,\N,\N,1972-03-20,Portuguese,Pedro Lamy
83,84,brundle,\N,\N,1959-06-01,British,Martin Brundle
84,85,montermini,\N,\N,1964-05-30,Italian,Andrea Montermini
85,86,lavaggi,\N,\N,1958-02-18,Italian,Giovanni Lavaggi
86,87,blundell,\N,\N,1966-04-08,British,Mark Blundell
87,88,suzuki,\N,\N,1960-09-08,Japanese,Aguri Suzuki
88,89,inoue,\N,\N,1963-09-05,Japanese,Taki Inoue
89,90,moreno,\N,\N,1959-02-11,Brazilian,Roberto Moreno
90,91,wendlinger,\N,\N,1968-12-20,Austrian,Karl Wendlinger
91,92,gachot,\N,\N,1962-12-23,Belgian,Bertrand Gachot
92,93,schiattarella,\N,\N,1967-11-17,Italian,Domenico Schiattarella
93,94,martini,\N,\N,1961-04-23,Italian,Pierluigi Martini
94,95,mansell,\N,\N,1953-08-08,British,Nigel Mansell
95,96,boullion,\N,\N,1969-12-27,French,Jean-Christophe Boullion
96,97,papis,\N,\N,1969-10-03,Italian,Massimiliano Papis
97,98,deletraz,\N,\N,1963-10-01,Swiss,Jean-Denis Délétraz
98,99,tarquini,\N,\N,1962-03-02,Italian,Gabriele Tarquini
99,100,comas,\N,\N,1963-09-28,French,Érik Comas
100,101,brabham,\N,\N,1965-09-05,Australian,David Brabham
101,102,senna,\N,\N,1960-03-21,Brazilian,Ayrton Senna
102,103,bernard,\N,\N,1964-08-24,French,Éric Bernard
103,104,fittipaldi,\N,\N,1971-01-18,Brazilian,Christian Fittipaldi
104,105,alboreto,\N,\N,1956-12-23,Italian,Michele Alboreto
105,106,beretta,\N,\N,1969-11-23,Monegasque,Olivier Beretta
106,107,ratzenberger,\N,\N,1960-07-04,Austrian,Roland Ratzenberger
107,108,belmondo,\N,\N,1963-04-23,French,Paul Belmondo
108,109,lehto,\N,\N,1966-01-31,Finnish,Jyrki Järvilehto
109,110,cesaris,\N,\N,1959-05-31,Italian,Andrea de Cesaris
110,111,gounon,\N,\N,1963-01-01,French,Jean-Marc Gounon
111,112,alliot,\N,\N,1954-07-27,French,Philippe Alliot
112,113,adams,\N,\N,1969-11-19,Belgian,Philippe Adams
113,114,dalmas,\N,\N,1961-07-28,French,Yannick Dalmas
114,115,noda,\N,\N,1969-03-07,Japanese,Hideki Noda
115,116,lagorce,\N,\N,1968-09-01,French,Franck Lagorce
116,117,prost,\N,\N,1955-02-24,French,Alain Prost
117,118,warwick,\N,\N,1954-08-27,British,Derek Warwick
118,119,patrese,\N,\N,1954-04-17,Italian,Riccardo Patrese
119,120,barbazza,\N,\N,1963-04-02,Italian,Fabrizio Barbazza
120,121,andretti,\N,\N,1962-10-05,American,Michael Andretti
121,122,capelli,\N,\N,1963-05-24,Italian,Ivan Capelli
122,123,boutsen,\N,\N,1957-07-13,Belgian,Thierry Boutsen
123,124,apicella,\N,\N,1965-10-07,Italian,Marco Apicella
124,125,naspetti,\N,\N,1968-02-24,Italian,Emanuele Naspetti
125,126,toshio_suzuki,\N,\N,1955-03-10,Japanese,Toshio Suzuki
126,127,gugelmin,\N,\N,1963-04-20,Brazilian,Maurício Gugelmin
127,128,poele,\N,\N,1961-09-30,Belgian,Eric van de Poele
128,129,grouillard,\N,\N,1958-09-02,French,Olivier Grouillard
129,130,chiesa,\N,\N,1964-05-06,Swiss,Andrea Chiesa
130,131,modena,\N,\N,1963-05-12,Italian,Stefano Modena
131,132,amati,\N,\N,1959-07-20,Italian,Giovanna Amati
132,133,caffi,\N,\N,1964-03-18,Italian,Alex Caffi
133,134,bertaggia,\N,\N,1964-09-19,Italian,Enrico Bertaggia
134,135,mccarthy,\N,\N,1961-03-03,British,Perry McCarthy
135,136,lammers,\N,\N,1956-06-02,Dutch,Jan Lammers
136,137,piquet,\N,\N,1952-08-17,Brazilian,Nelson Piquet
137,138,satoru_nakajima,\N,\N,1953-02-23,Japanese,Satoru Nakajima
138,139,pirro,\N,\N,1962-01-12,Italian,Emanuele Pirro
139,140,johansson,\N,\N,1956-09-08,Swedish,Stefan Johansson
140,141,bailey,\N,\N,1961-10-09,British,Julian Bailey
141,142,chaves,\N,\N,1965-02-27,Portuguese,Pedro Chaves
142,143,bartels,\N,\N,1968-03-08,German,Michael Bartels
143,144,hattori,\N,\N,1966-06-13,Japanese,Naoki Hattori
144,145,nannini,\N,\N,1959-07-07,Italian,Alessandro Nannini
145,146,schneider,\N,\N,1964-07-20,German,Bernd Schneider
146,147,barilla,\N,\N,1961-04-20,Italian,Paolo Barilla
147,148,foitek,\N,\N,1965-03-27,Swiss,Gregor Foitek
148,149,langes,\N,\N,1960-07-20,Italian,Claudio Langes
149,150,gary_brabham,\N,\N,1961-03-29,Australian,Gary Brabham
150,151,donnelly,\N,\N,1964-03-26,British,Martin Donnelly
151,152,giacomelli,\N,\N,1952-09-10,Italian,Bruno Giacomelli
152,153,alguersuari,\N,ALG,1990-03-23,Spanish,Jaime Alguersuari
153,154,grosjean,8,GRO,1986-04-17,French,Romain Grosjean
154,155,kobayashi,10,KOB,1986-09-13,Japanese,Kamui Kobayashi
155,156,palmer,\N,\N,1956-11-07,British,Jonathan Palmer
156,157,danner,\N,\N,1958-04-04,German,Christian Danner
157,158,cheever,\N,\N,1958-01-10,American,Eddie Cheever
158,159,sala,\N,\N,1959-05-15,Spanish,Luis Pérez-Sala
159,160,ghinzani,\N,\N,1952-01-16,Italian,Piercarlo Ghinzani
160,161,weidler,\N,\N,1962-03-18,German,Volker Weidler
161,162,raphanel,\N,\N,1961-05-27,French,Pierre-Henri Raphanel
162,163,arnoux,\N,\N,1948-07-04,French,René Arnoux
163,164,joachim_winkelhock,\N,\N,1960-10-24,German,Joachim Winkelhock
164,165,larrauri,\N,\N,1954-08-19,Argentine,Oscar Larrauri
165,166,streiff,\N,\N,1955-06-26,French,Philippe Streiff
166,167,campos,\N,\N,1960-06-17,Spanish,Adrián Campos
167,168,schlesser,\N,\N,1948-09-12,French,Jean-Louis Schlesser
168,169,fabre,\N,\N,1960-01-09,French,Pascal Fabre
169,170,fabi,\N,\N,1955-03-09,Italian,Teo Fabi
170,171,forini,\N,\N,1958-09-22,Swiss,Franco Forini
171,172,laffite,\N,\N,1943-11-21,French,Jacques Laffite
172,173,angelis,\N,\N,1958-03-26,Italian,Elio de Angelis
173,174,dumfries,\N,\N,1958-04-26,British,Johnny Dumfries
174,175,tambay,\N,\N,1949-06-25,French,Patrick Tambay
175,176,surer,\N,\N,1951-09-18,Swiss,Marc Surer
176,177,keke_rosberg,\N,\N,1948-12-06,Finnish,Keke Rosberg
177,178,jones,\N,\N,1946-11-02,Australian,Alan Jones
178,179,rothengatter,\N,\N,1954-10-08,Dutch,Huub Rothengatter
179,180,berg,\N,\N,1961-08-01,Canadian,Allen Berg
180,181,manfred_winkelhock,\N,\N,1951-10-06,German,Manfred Winkelhock
181,182,lauda,\N,\N,1949-02-22,Austrian,Niki Lauda
182,183,hesnault,\N,\N,1956-12-30,French,François Hesnault
183,184,baldi,\N,\N,1954-01-31,Italian,Mauro Baldi
184,185,bellof,\N,\N,1957-11-20,German,Stefan Bellof
185,186,acheson,\N,\N,1957-11-27,British,Kenny Acheson
186,187,watson,\N,\N,1946-05-04,British,John Watson
187,188,cecotto,\N,\N,1956-01-25,Venezuelan,Johnny Cecotto
188,189,gartner,\N,\N,1954-01-24,Austrian,Jo Gartner
189,190,corrado_fabi,\N,\N,1961-04-12,Italian,Corrado Fabi
190,191,thackwell,\N,\N,1961-03-30,New Zealander,Mike Thackwell
191,192,serra,\N,\N,1957-02-03,Brazilian,Chico Serra
192,193,sullivan,\N,\N,1950-03-09,American,Danny Sullivan
193,194,salazar,\N,\N,1954-11-14,Chilean,Eliseo Salazar
194,195,guerrero,\N,\N,1958-11-16,Colombian,Roberto Guerrero
195,196,boesel,\N,\N,1957-12-04,Brazilian,Raul Boesel
196,197,jarier,\N,\N,1946-07-10,French,Jean-Pierre Jarier
197,198,villeneuve_sr,\N,\N,1953-11-04,Canadian,Jacques Villeneuve Sr.
198,199,reutemann,\N,\N,1942-04-12,Argentine,Carlos Reutemann
199,200,mass,\N,\N,1946-09-30,German,Jochen Mass
200,201,borgudd,\N,\N,1946-11-25,Swedish,Slim Borgudd
201,202,pironi,\N,\N,1952-03-26,French,Didier Pironi
202,203,gilles_villeneuve,\N,\N,1950-01-18,Canadian,Gilles Villeneuve
203,204,paletti,\N,\N,1958-06-15,Italian,Riccardo Paletti
204,205,henton,\N,\N,1946-09-19,British,Brian Henton
205,206,daly,\N,\N,1953-03-11,Irish,Derek Daly
206,207,mario_andretti,\N,\N,1940-02-28,American,Mario Andretti
207,208,villota,\N,\N,1946-07-26,Spanish,Emilio de Villota
208,209,lees,\N,\N,1951-05-01,British,Geoff Lees
209,210,byrne,\N,\N,1958-05-06,Irish,Tommy Byrne
210,211,keegan,\N,\N,1955-02-26,British,Rupert Keegan
211,212,rebaque,\N,\N,1956-02-05,Mexican,Hector Rebaque
212,213,gabbiani,\N,\N,1957-01-02,Italian,Beppe Gabbiani
213,214,cogan,\N,\N,1956-03-31,American,Kevin Cogan
214,215,guerra,\N,\N,1953-08-31,Argentine,Miguel Ángel Guerra
215,216,stohr,\N,\N,1952-10-10,Italian,Siegfried Stohr
216,217,zunino,\N,\N,1949-04-13,Argentine,Ricardo Zunino
217,218,londono,\N,\N,1949-08-08,Colombian,Ricardo Londoño
218,219,jabouille,\N,\N,1942-10-01,French,Jean-Pierre Jabouille
219,220,francia,\N,\N,1947-11-08,Italian,Giorgio Francia
220,221,depailler,\N,\N,1944-08-09,French,Patrick Depailler
221,222,scheckter,\N,\N,1950-01-29,South African,Jody Scheckter
222,223,regazzoni,\N,\N,1939-09-05,Swiss,Clay Regazzoni
223,224,emerson_fittipaldi,\N,\N,1946-12-12,Brazilian,Emerson Fittipaldi
224,225,kennedy,\N,\N,1953-01-15,Irish,Dave Kennedy
225,226,south,\N,\N,1952-02-19,British,Stephen South
226,227,needell,\N,\N,1951-10-29,British,Tiff Needell
227,228,desire_wilson,\N,\N,1953-11-26,South African,Desiré Wilson
228,229,ertl,\N,\N,1948-08-31,Austrian,Harald Ertl
229,230,brambilla,\N,\N,1937-11-11,Italian,Vittorio Brambilla
230,231,hunt,\N,\N,1947-08-29,British,James Hunt
231,232,merzario,\N,\N,1943-03-11,Italian,Arturo Merzario
232,233,stuck,\N,\N,1951-01-01,German,Hans-Joachim Stuck
233,234,brancatelli,\N,\N,1950-01-18,Italian,Gianfranco Brancatelli
234,235,ickx,\N,\N,1945-01-01,Belgian,Jacky Ickx
235,236,gaillard,\N,\N,1952-02-12,French,Patrick Gaillard
236,237,ribeiro,\N,\N,1948-11-07,Brazilian,Alex Ribeiro
237,238,peterson,\N,\N,1944-02-14,Swedish,Ronnie Peterson
238,239,lunger,\N,\N,1945-11-14,American,Brett Lunger
239,240,ongais,\N,\N,1942-05-21,American,Danny Ongais
240,241,leoni,\N,\N,1953-05-24,Italian,Lamberto Leoni
241,242,galica,\N,\N,1944-08-13,British,Divina Galica
242,243,stommelen,\N,\N,1943-07-11,German,Rolf Stommelen
243,244,colombo,\N,\N,1946-02-23,Italian,Alberto Colombo
244,245,trimmer,\N,\N,1943-01-24,British,Tony Trimmer
245,246,binder,\N,\N,1948-06-12,Austrian,Hans Binder
246,247,bleekemolen,\N,\N,1949-10-02,Dutch,Michael Bleekemolen
247,248,gimax,\N,\N,1938-01-01,Italian,Carlo Franchi
248,249,rahal,\N,\N,1953-01-10,American,Bobby Rahal
249,250,pace,\N,\N,1944-10-06,Brazilian,Carlos Pace
250,251,ian_scheckter,\N,\N,1947-08-22,South African,Ian Scheckter
251,252,pryce,\N,\N,1949-06-11,British,Tom Pryce
252,253,hoffmann,\N,\N,1953-02-28,Brazilian,Ingo Hoffmann
253,254,zorzi,\N,\N,1946-12-12,Italian,Renzo Zorzi
254,255,nilsson,\N,\N,1948-11-20,Swedish,Gunnar Nilsson
255,256,perkins,\N,\N,1950-03-18,Australian,Larry Perkins
256,257,hayje,\N,\N,1949-05-03,Dutch,Boy Lunger
257,258,neve,\N,\N,1949-10-13,Belgian,Patrick Nève
258,259,purley,\N,\N,1945-01-26,British,David Purley
259,260,andersson,\N,\N,1939-12-28,Swedish,Conny Andersson
260,261,dryver,\N,\N,1952-09-19,Belgian,Bernard de Dryver
261,262,oliver,\N,\N,1942-08-14,British,Jackie Oliver
262,263,kozarowitzky,\N,\N,1948-05-17,Finnish,Mikko Kozarowitzky
263,264,sutcliffe,\N,\N,1947-05-09,British,Andy Sutcliffe
264,265,edwards,\N,\N,1942-12-30,British,Guy Edwards
265,266,mcguire,\N,\N,1945-12-13,Australian,Brian McGuire
266,267,schuppan,\N,\N,1943-03-19,Australian,Vern Schuppan
267,268,heyer,\N,\N,1943-03-16,German,Hans Heyer
268,269,pilette,\N,\N,1942-07-26,Belgian,Teddy Pilette
269,270,ashley,\N,\N,1947-10-26,British,Ian Ashley
270,271,kessel,\N,\N,1950-04-01,Swiss,Loris Kessel
271,272,takahashi,\N,\N,1940-01-29,Japanese,Kunimitsu Takahashi
272,273,hoshino,\N,\N,1947-07-01,Japanese,Kazuyoshi Hoshino
273,274,takahara,\N,\N,1951-06-06,Japanese,Noritake Takahara
274,275,lombardi,\N,\N,1941-03-26,Italian,Lella Lombardi
275,276,evans,\N,\N,1947-06-11,British,Bob Evans
276,277,leclere,\N,\N,1946-03-18,French,Michel Leclère
277,278,amon,\N,\N,1943-07-20,New Zealander,Chris Amon
278,279,zapico,\N,\N,1944-05-27,Spanish,Emilio Zapico
279,280,pescarolo,\N,\N,1942-09-25,French,Henri Pescarolo
280,281,nelleman,\N,\N,1944-04-19,Danish,Jac Nelleman
281,282,magee,\N,\N,1945-11-17,British,Damien Magee
282,283,wilds,\N,\N,1946-01-07,British,Mike Wilds
283,284,pesenti_rossi,\N,\N,1942-08-31,Italian,Alessandro Pesenti-Rossi
284,285,stuppacher,\N,\N,1947-03-03,Austrian,Otto Stuppacher
285,286,brown,\N,\N,1949-12-24,Australian,Warwick Brown
286,287,hasemi,\N,\N,1945-11-13,Japanese,Masahiro Hasemi
287,288,donohue,\N,\N,1937-03-18,American,Mark Donohue
288,289,hill,\N,\N,1929-02-15,British,Graham Hill
289,290,wilson_fittipaldi,\N,\N,1943-12-25,Brazilian,Wilson Fittipaldi
290,291,tunmer,\N,\N,1948-12-01,South African,Guy Tunmer
291,292,keizan,\N,\N,1944-09-12,South African,Eddie Keizan
292,293,charlton,\N,\N,1936-10-27,South African,Dave Charlton
293,294,brise,\N,\N,1952-03-28,British,Tony Brise
294,295,wunderink,\N,\N,1948-12-12,Dutch,Roelof Wunderink
295,296,migault,\N,\N,1944-12-04,French,François Migault
296,297,palm,\N,\N,1947-07-23,Swedish,Torsten Palm
297,298,lennep,\N,\N,1942-03-16,Dutch,Gijs van Lennep
298,299,fushida,\N,\N,1946-03-10,Japanese,Hiroshi Fushida
299,300,nicholson,\N,\N,1941-10-06,New Zealander,John Nicholson
300,301,morgan,\N,\N,1944-08-07,British,Dave Morgan
301,302,crawford,\N,\N,1948-02-13,British,Jim Crawford
302,303,vonlanthen,\N,\N,1942-05-31,Swiss,Jo Vonlanthen
303,304,hulme,\N,\N,1936-06-18,New Zealander,Denny Hulme
304,305,hailwood,\N,\N,1940-04-02,British,Mike Hailwood
305,306,beltoise,\N,\N,1937-04-26,French,Jean-Pierre Beltoise
306,307,ganley,\N,\N,1941-12-24,New Zealander,Howden Ganley
307,308,robarts,\N,\N,1944-09-22,British,Richard Robarts
308,309,revson,\N,\N,1939-02-27,American,Peter Revson
309,310,driver,\N,\N,1934-05-13,South African,Paddy Driver
310,311,belso,\N,\N,1942-08-27,Danish,Tom Belsø
311,312,redman,\N,\N,1937-03-09,British,Brian Redman
312,313,opel,\N,\N,1947-10-14,Liechtensteiner,Rikky von Opel
313,314,schenken,\N,\N,1943-09-26,Australian,Tim Schenken
314,315,larrousse,\N,\N,1940-05-23,French,Gérard Larrousse
315,316,kinnunen,\N,\N,1943-08-05,Finnish,Leo Kinnunen
316,317,wisell,\N,\N,1941-09-30,Swedish,Reine Wisell
317,318,roos,\N,\N,1943-10-12,Swedish,Bertil Roos
318,319,dolhem,\N,\N,1944-04-26,French,José Dolhem
319,320,gethin,\N,\N,1940-02-21,British,Peter Gethin
320,321,bell,\N,\N,1941-10-31,British,Derek Bell
321,322,hobbs,\N,\N,1939-06-09,British,David Hobbs
322,323,quester,\N,\N,1939-05-30,Austrian,Dieter Quester
323,324,koinigg,\N,\N,1948-11-03,Austrian,Helmuth Koinigg
324,325,facetti,\N,\N,1935-06-26,Italian,Carlo Facetti
325,326,wietzes,\N,\N,1938-05-28,Canadian,Eppie Wietzes
326,327,cevert,\N,\N,1944-02-25,French,François Cevert
327,328,stewart,\N,\N,1939-06-11,British,Jackie Stewart
328,329,beuttler,\N,\N,1940-04-13,British,Mike Beuttler
329,330,galli,\N,\N,1940-10-02,Italian,Nanni Galli
330,331,bueno,\N,\N,1937-01-16,Brazilian,Luiz Bueno
331,332,follmer,\N,\N,1934-01-27,American,George Follmer
332,333,adamich,\N,\N,1941-10-03,Italian,Andrea de Adamich
333,334,pretorius,\N,\N,1934-11-22,South African,Jackie Pretorius
334,335,williamson,\N,\N,1948-02-02,British,Roger Williamson
335,336,mcrae,\N,\N,1940-03-05,New Zealander,Graham McRae
336,337,marko,\N,\N,1943-04-27,Austrian,Helmut Marko
337,338,walker,\N,\N,1941-06-10,Australian,David Walker
338,339,roig,\N,\N,1932-10-29,Spanish,Alex Soler-Roig
339,340,love,\N,\N,1924-12-07,Rhodesian,John Love
340,341,surtees,\N,\N,1934-02-11,British,John Surtees
341,342,barber,\N,\N,1936-11-16,American,Skip Barber
342,343,brack,\N,\N,1935-12-26,Canadian,Bill Brack
343,344,posey,\N,\N,1944-05-26,American,Sam Posey
344,345,rodriguez,\N,\N,1940-01-18,Mexican,Pedro Rodríguez
345,346,siffert,\N,\N,1936-07-07,Swiss,Jo Siffert
346,347,bonnier,\N,\N,1930-01-31,Swedish,Jo Bonnier
347,348,mazet,\N,\N,1943-02-24,French,François Mazet
348,349,jean,\N,\N,1943-07-27,French,Max Jean
349,350,elford,\N,\N,1935-06-10,British,Vic Elford
350,351,moser,\N,\N,1941-04-24,Swiss,Silvio Moser
351,352,eaton,\N,\N,1945-11-12,Canadian,George Eaton
352,353,lovely,\N,\N,1926-04-11,American,Pete Lovely
353,354,craft,\N,\N,1939-11-17,British,Chris Craft
354,355,Cannoc,\N,\N,1933-06-21,Canadian,John Cannon
355,356,jack_brabham,\N,\N,1926-04-02,Australian,Jack Brabham
356,357,miles,\N,\N,1943-06-14,British,John Miles
357,358,rindt,\N,\N,1942-04-18,Austrian,Jochen Rindt
358,359,gavin,\N,\N,1942-01-18,French,Johnny Servoz-Gavin
359,360,mclaren,\N,\N,1937-08-30,New Zealander,Bruce McLaren
360,361,courage,\N,\N,1942-05-27,British,Piers Courage
361,362,klerk,\N,\N,1935-03-16,South African,Peter de Klerk
362,363,giunti,\N,\N,1941-08-30,Italian,Ignazio Giunti
363,364,gurney,\N,\N,1931-04-13,American,Dan Gurney
364,365,hahne,\N,\N,1935-03-28,German,Hubert Hahne
365,366,hutchison,\N,\N,1937-04-26,American,Gus Hutchison
366,367,westbury,\N,\N,1938-05-26,British,Peter Westbury
367,368,tingle,\N,\N,1921-08-24,Rhodesian,Sam Tingle
368,369,rooyen,\N,\N,1939-04-19,South African,Basil van Rooyen
369,370,attwood,\N,\N,1940-04-04,British,Richard Attwood
370,371,pease,\N,\N,1921-10-15,Canadian,Al Pease
371,372,cordts,\N,\N,1935-07-23,Canadian,John Cordts
372,373,clark,\N,\N,1936-03-04,British,Jim Clark
373,374,spence,\N,\N,1936-12-30,British,Mike Spence
374,375,scarfiotti,\N,\N,1933-10-18,Italian,Ludovico Scarfiotti
375,376,bianchi,\N,BIA,1934-11-10,Belgian,Lucien Bianchi
376,377,jo_schlesser,\N,\N,1928-05-18,French,Jo Schlesser
377,378,widdows,\N,\N,1942-05-27,British,Robin Widdows
378,379,ahrens,\N,\N,1940-04-19,German,Kurt Ahrens
379,380,gardner,\N,\N,1930-10-01,Australian,Frank Gardner
380,381,unser,\N,\N,1934-02-20,American,Bobby Unser
381,382,solana,\N,\N,1935-12-26,Mexican,Moisés Solana
382,383,anderson,\N,\N,1931-05-19,British,Bob Anderson
383,384,botha,\N,\N,1930-01-16,South African,Luki Botha
384,385,bandini,\N,\N,1935-12-21,Italian,Lorenzo Bandini
385,386,ginther,\N,\N,1930-08-05,American,Richie Ginther
386,387,parkes,\N,\N,1931-09-24,British,Mike Parkes
387,388,irwin,\N,\N,1942-06-27,British,Chris Irwin
388,389,ligier,\N,\N,1930-07-12,French,Guy Ligier
389,390,rees,\N,\N,1938-01-12,British,Alan Rees
390,391,hart,\N,\N,1936-09-07,British,Brian Hart
391,392,fisher,\N,\N,1943-03-13,American,Mike Fisher
392,393,tom_jones,\N,\N,1943-04-26,American,Tom Jones
393,394,baghetti,\N,\N,1934-12-25,Italian,Giancarlo Baghetti
394,395,williams,\N,\N,1942-10-26,British,Jonathan Williams
395,396,bondurant,\N,\N,1933-04-27,American,Bob Bondurant
396,397,arundell,\N,\N,1933-11-08,British,Peter Arundell
397,398,vic_wilson,\N,\N,1931-04-14,British,Vic Wilson
398,399,taylor,\N,\N,1933-03-23,British,John Taylor
399,400,lawrence,\N,\N,1933-07-27,British,Chris Lawrence
400,401,trevor_taylor,\N,\N,1936-12-26,British,Trevor Taylor
401,402,geki,\N,\N,1937-10-23,Italian,Giacomo Russo
402,403,phil_hill,\N,\N,1927-04-20,American,Phil Hill
403,404,ireland,\N,\N,1930-06-12,British,Innes Ireland
404,405,bucknum,\N,\N,1936-04-05,American,Ronnie Bucknum
405,406,hawkins,\N,\N,1937-10-12,Australian,Paul Hawkins
406,407,prophet,\N,\N,1937-10-09,British,David Prophet
407,408,maggs,\N,\N,1937-02-09,South African,Tony Maggs
408,409,blokdyk,\N,\N,1935-11-30,South African,Trevor Blokdyk
409,410,lederle,\N,\N,1938-09-25,South African,Neville Lederle
410,411,serrurier,\N,\N,1920-12-09,South African,Doug Serrurier
411,412,niemann,\N,\N,1939-01-07,South African,Brausch Niemann
412,413,pieterse,\N,\N,1938-07-04,South African,Ernie Pieterse
413,414,puzey,\N,\N,1941-07-11,Rhodesian,Clive Puzey
414,415,reed,\N,\N,1932-04-30,South African,Ray Reed
415,416,clapham,\N,\N,1931-05-18,South African,David Clapham
416,417,blignaut,\N,\N,1932-11-30,South African,Alex Blignaut
417,418,gregory,\N,\N,1932-02-29,American,Masten Gregory
418,419,rhodes,\N,\N,1927-08-18,British,John Rhodes
419,420,raby,\N,\N,1921-09-22,British,Ian Raby
420,421,rollinson,\N,\N,1943-05-15,British,Alan Rollinson
421,422,gubby,\N,\N,1934-04-17,British,Brian Gubby
422,423,mitter,\N,\N,1935-08-30,German,Gerhard Mitter
423,424,bussinello,\N,\N,1927-10-04,Italian,Roberto Bussinello
424,425,vaccarella,\N,\N,1933-03-04,Italian,Nino Vaccarella
425,426,bassi,\N,\N,1934-01-20,Italian,Giorgio Bassi
426,427,trintignant,\N,\N,1917-10-30,French,Maurice Trintignant
427,428,collomb,\N,\N,1930-10-07,French,Bernard Collomb
428,429,andre_pilette,\N,\N,1918-10-06,Belgian,André Pilette
429,430,beaufort,\N,\N,1934-04-10,Dutch,Carel Godin de Beaufort
430,431,barth,\N,\N,1917-01-26,German,Edgar Barth
431,432,cabral,\N,\N,1934-01-15,Portuguese,Mário de Araújo Cabral
432,433,hansgen,\N,\N,1919-10-28,American,Walt Hansgen
433,434,sharp,\N,\N,1928-01-01,American,Hap Sharp
434,435,mairesse,\N,\N,1928-10-01,Belgian,Willy Mairesse
435,436,campbell-jones,\N,\N,1930-01-21,British,John Campbell-Jones
436,437,burgess,\N,\N,1930-07-06,British,Ian Burgess
437,438,settember,\N,\N,1926-07-10,American,Tony Settember
438,439,estefano,\N,\N,1932-11-18,Argentine,Nasif Estéfano
439,440,hall,\N,\N,1935-07-23,American,Jim Hall
440,441,parnell,\N,\N,1932-06-25,British,Tim Parnell
441,442,kuhnke,\N,\N,1910-04-30,German,Kurt Kuhnke
442,443,ernesto_brambilla,\N,\N,1934-01-31,Italian,Ernesto Brambilla
443,444,lippi,\N,\N,1926-10-17,Italian,Roberto Lippi
444,445,seiffert,\N,\N,1937-10-18,German,Günther Seiffert
445,446,abate,\N,\N,1932-07-10,Italian,Carlo Abate
446,447,starrabba,\N,\N,1932-12-03,Italian,Gaetano Starrabba
447,448,broeker,\N,\N,1926-05-15,Canadian,Peter Broeker
448,449,ward,\N,\N,1921-01-10,American,Rodger Ward
449,450,vos,\N,\N,1941-07-01,Dutch,Ernie de Vos
450,451,dochnal,\N,\N,1920-10-08,American,Frank Dochnal
451,452,monarch,\N,\N,1945-09-03,American,Thomas Monarch
452,842,gasly,10,GAS,1996-02-07,French,Pierre Gasly
453,453,lewis,\N,\N,1936-11-01,British,Jackie Lewis
454,454,ricardo_rodriguez,\N,\N,1942-02-14,Mexican,Ricardo Rodríguez
455,455,seidel,\N,\N,1926-07-04,German,Wolfgang Seidel
456,456,salvadori,\N,\N,1922-05-12,British,Roy Salvadori
457,457,pon,\N,\N,1936-12-09,Dutch,Ben Pon
458,458,slotemaker,\N,\N,1929-06-13,Dutch,Rob Slotemaker
459,459,marsh,\N,\N,1931-07-20,British,Tony Marsh
460,460,ashmore,\N,\N,1936-07-25,British,Gerry Ashmore
461,461,schiller,\N,\N,1930-01-25,Swiss,Heinz Schiller
462,462,davis,\N,\N,1933-07-29,British,Colin Davis
463,463,chamberlain,\N,\N,1925-12-29,American,Jay Chamberlain
464,464,shelly,\N,\N,1937-02-02,New Zealander,Tony Shelly
465,465,greene,\N,\N,1938-01-05,British,Keith Greene
466,466,walter,\N,\N,1927-07-28,Swiss,Heini Walter
467,467,prinoth,\N,\N,1923-04-15,Italian,Ernesto Prinoth
468,468,penske,\N,\N,1937-02-20,American,Roger Penske
469,469,schroeder,\N,\N,1926-05-11,British,Rob Schroeder
470,470,mayer,\N,\N,1938-02-22,American,Timmy Mayer
471,471,johnstone,\N,\N,1937-01-30,South African,Bruce Johnstone
472,472,harris,\N,\N,1939-05-25,South African,Mike Harris
473,473,hocking,\N,\N,1937-09-30,Rhodesian,Gary Hocking
474,474,vyver,\N,\N,1920-06-01,South African,Syd van der Vyver
475,475,moss,\N,\N,1929-09-17,British,Stirling Moss
476,476,trips,\N,\N,1928-05-04,German,Wolfgang von Trips
477,477,allison,\N,\N,1932-02-08,British,Cliff Allison
478,478,herrmann,\N,\N,1928-02-23,German,Hans Herrmann
479,479,brooks,\N,\N,1932-02-25,British,Tony Brooks
480,480,may,\N,\N,1934-08-18,Swiss,Michael May
481,481,henry_taylor,\N,\N,1932-12-16,British,Henry Taylor
482,482,gendebien,\N,\N,1924-01-12,Belgian,Olivier Gendebien
483,483,scarlatti,\N,\N,1921-10-02,Italian,Giorgio Scarlatti
484,484,naylor,\N,\N,1923-03-24,British,Brian Naylor
485,485,bordeu,\N,\N,1934-01-28,Argentine,Juan Manuel Bordeu
486,486,fairman,\N,\N,1913-03-15,British,Jack Fairman
487,487,natili,\N,\N,1935-07-28,Italian,Massimo Natili
488,488,monteverdi,\N,\N,1934-06-07,Swiss,Peter Monteverdi
489,489,pirocchi,\N,\N,1933-03-26,Italian,Renato Pirocchi
490,490,duke,\N,\N,1923-03-29,British,Geoff Duke
491,491,thiele,\N,\N,1920-04-05,American-Italian,Alfonso Thiele
492,492,boffa,\N,\N,1930-01-04,Italian,Menato Boffa
493,493,ryan,\N,\N,1940-06-10,Canadian,Peter Ryan
494,494,ruby,\N,\N,1928-01-12,American,Lloyd Ruby
495,495,ken_miles,\N,\N,1918-11-01,British,Ken Miles
496,496,menditeguy,\N,\N,1914-08-10,Argentine,Carlos Menditeguy
497,497,larreta,\N,\N,1934-01-14,Argentine,Alberto Rodriguez Larreta
498,498,gonzalez,\N,\N,1922-10-05,Argentine,José Froilán González
499,499,bonomi,\N,\N,1919-09-30,Argentine,Roberto Bonomi
500,500,munaron,\N,\N,1928-04-02,Italian,Gino Munaron
501,501,schell,\N,\N,1921-06-29,American,Harry Schell
502,502,stacey,\N,\N,1933-08-29,British,Alan Stacey
503,503,chimeri,\N,\N,1921-06-04,Venezuelan,Ettore Chimeri
504,504,creus,\N,\N,1924-10-28,Spanish,Antonio Creus
505,505,bristow,\N,\N,1937-12-02,British,Chris Bristow
506,506,halford,\N,\N,1931-05-18,British,Bruce Halford
507,507,daigh,\N,\N,1923-11-29,American,Chuck Daigh
508,508,reventlow,\N,\N,1936-02-24,American,Lance Reventlow
509,509,rathmann,\N,\N,1928-07-16,American,Jim Rathmann
510,510,goldsmith,\N,\N,1925-10-02,American,Paul Goldsmith
511,511,branson,\N,\N,1920-06-02,American,Don Branson
512,512,thomson,\N,\N,1922-04-09,American,Johnny Thomson
513,513,johnson,\N,\N,1919-02-10,American,Eddie Johnson
514,514,veith,\N,\N,1926-11-01,American,Bob Veith
515,515,tingelstad,\N,\N,1928-04-04,American,Bud Tingelstad
516,516,christie,\N,\N,1924-04-04,American,Bob Christie
517,517,amick,\N,\N,1929-01-19,American,Red Amick
518,518,darter,\N,\N,1913-05-05,American,Duane Carter
519,519,homeier,\N,\N,1918-08-31,American,Bill Homeier
520,520,hartley,\N,\N,1926-01-28,American,Gene Hartley
521,521,stevenson,\N,\N,1919-10-15,American,Chuck Stevenson
522,522,grim,\N,\N,1924-09-04,American,Bobby Grim
523,523,templeman,\N,\N,1919-08-12,American,Shorty Templeman
524,524,hurtubise,\N,\N,1932-12-05,American,Jim Hurtubise
525,525,bryan,\N,\N,1926-01-28,American,Jimmy Bryan
526,526,ruttman,\N,\N,1930-03-11,American,Troy Ruttman
527,527,sachs,\N,\N,1927-05-28,American,Eddie Sachs
528,528,freeland,\N,\N,1925-03-25,American,Don Freeland
529,529,bettenhausen,\N,\N,1916-09-12,American,Tony Bettenhausen
530,530,weiler,\N,\N,1934-12-09,American,Wayne Weiler
531,531,foyt,\N,\N,1935-01-16,American,Anthony Foyt
532,532,russo,\N,\N,1925-11-19,American,Eddie Russo
533,533,boyd,\N,\N,1926-08-19,American,Johnny Boyd
534,534,force,\N,\N,1916-06-15,American,Gene Force
535,535,mcwithey,\N,\N,1927-07-04,American,Jim McWithey
536,536,sutton,\N,\N,1925-08-09,American,Len Sutton
537,537,dick_rathmann,\N,\N,1924-01-06,American,Dick Rathmann
538,538,herman,\N,\N,1927-03-15,American,Al Herman
539,539,dempsey_wilson,\N,\N,1927-03-11,American,Dempsey Wilson
540,540,mike_taylor,\N,\N,1934-04-24,British,Mike Taylor
541,541,flockhart,\N,\N,1923-06-16,British,Ron Flockhart
542,542,piper,\N,\N,1930-12-02,British,David Piper
543,543,cabianca,\N,\N,1923-02-19,Italian,Giulio Cabianca
544,544,drogo,\N,\N,1926-08-08,Italian,Piero Drogo
545,545,gamble,\N,\N,1932-03-17,American,Fred Gamble
546,546,owen,\N,\N,1915-03-23,British,Arthur Owen
547,547,gould,\N,\N,1918-09-20,British,Horace Gould
548,548,drake,\N,\N,1919-12-14,American,Bob Drake
549,549,bueb,\N,\N,1923-06-06,British,Ivor Bueb
550,550,Changy,\N,\N,1922-02-05,Belgian,Alain de Changy
551,551,filippis,\N,\N,1926-11-11,Italian,Maria de Filippis
552,552,lucienbonnet,\N,\N,1923-01-07,French,Jean Lucienbonnet
553,553,testut,\N,\N,1926-04-13,Monegasque,André Testut
554,554,behra,\N,\N,1921-02-16,French,Jean Behra
555,555,paul_russo,\N,\N,1914-04-10,American,Paul Russo
556,556,daywalt,\N,\N,1924-08-28,American,Jimmy Daywalt
557,557,arnold,\N,\N,1926-05-30,American,Chuck Arnold
558,558,keller,\N,\N,1920-04-11,American,Al Keller
559,559,flaherty,\N,\N,1926-01-06,American,Pat Flaherty
560,560,cheesbourg,\N,\N,1927-06-12,American,Bill Cheesbourg
561,561,ray_crawford,\N,\N,1915-10-26,American,Ray Crawford
562,562,turner,\N,\N,1920-02-12,American,Jack Turner
563,563,weyant,\N,\N,1923-04-03,American,Chuck Weyant
564,564,larson,\N,\N,1923-01-21,American,Jud Larson
565,565,magill,\N,\N,1920-02-08,American,Mike Magill
566,566,shelby,\N,\N,1923-01-11,American,Carroll Shelby
567,567,orey,\N,\N,1938-03-25,Brazilian,Fritz d'Orey
568,568,fontes,\N,\N,1922-12-26,Uruguayan,Azdrubal Fontes
569,569,ashdown,\N,\N,1934-10-16,British,Peter Ashdown
570,570,bill_moss,\N,\N,1933-09-04,British,Bill Moss
571,571,dennis_taylor,\N,\N,1921-06-12,British,Dennis Taylor
572,572,blanchard,\N,\N,1929-06-13,American,Harry Blanchard
573,573,tomaso,\N,\N,1928-07-10,Argentine-Italian,Alessandro de Tomaso
574,574,constantine,\N,\N,1918-02-22,American,George Constantine
575,575,said,\N,\N,1932-05-05,American,Bob Said
576,576,cade,\N,\N,1916-06-12,American,Phil Cade
577,577,musso,\N,\N,1924-07-28,Italian,Luigi Musso
578,578,hawthorn,\N,\N,1929-04-10,British,Mike Hawthorn
579,579,fangio,\N,\N,1911-06-24,Argentine,Juan Fangio
580,580,godia,\N,\N,1921-03-21,Spanish,Paco Godia
581,581,collins,\N,\N,1931-11-06,British,Peter Collins
582,582,kavanagh,\N,\N,1923-12-12,Australian,Ken Kavanagh
583,583,gerini,\N,\N,1928-08-10,Italian,Gerino Gerini
584,584,kessler,\N,\N,1936-03-23,American,Bruce Kessler
585,585,emery,\N,\N,1916-11-12,British,Paul Emery
586,586,piotti,\N,\N,1913-10-27,Italian,Luigi Piotti
587,587,ecclestone,\N,\N,1930-10-28,British,Bernie Ecclestone
588,588,taramazzo,\N,\N,1932-05-05,Italian,Luigi Taramazzo
589,589,chiron,\N,\N,1899-08-03,Monegasque,Louis Chiron
590,590,lewis-evans,\N,\N,1930-04-20,British,Stuart Lewis-Evans
591,591,george_amick,\N,\N,1924-10-24,American,George Amick
592,592,reece,\N,\N,1929-11-17,American,Jimmy Reece
593,593,parsons,\N,\N,1918-07-04,American,Johnnie Parsons
594,594,tolan,\N,\N,1917-10-22,American,Johnnie Tolan
595,595,garrett,\N,\N,1933-04-24,American,Billy Garrett
596,596,elisian,\N,\N,1926-12-09,American,Ed Elisian
597,597,connor,\N,\N,1928-10-09,American,Pat O'Connor
598,598,jerry_unser,\N,\N,1932-11-15,American,Jerry Unser
599,599,bisch,\N,\N,1926-11-10,American,Art Bisch
600,600,goethals,\N,\N,1928-08-04,Belgian,Christian Goethals
601,601,gibson,\N,\N,1918-04-16,British,Dick Gibson
602,602,la_caze,\N,\N,1917-02-26,French,Robert La Caze
603,603,guelfi,\N,\N,1919-05-06,French,André Guelfi
604,604,picard,\N,\N,1921-04-26,French,François Picard
605,605,bridger,\N,\N,1934-06-24,British,Tom Bridger
606,606,portago,\N,\N,1928-10-11,Spanish,Alfonso de Portago
607,607,perdisa,\N,\N,1932-10-21,Italian,Cesare Perdisa
608,608,castellotti,\N,\N,1930-10-10,Italian,Eugenio Castellotti
609,609,simon,\N,\N,1920-01-05,French,André Simon
610,610,leston,\N,\N,1920-12-16,British,Les Leston
611,611,hanks,\N,\N,1914-07-13,American,Sam Hanks
612,612,linden,\N,\N,1922-04-05,American,Andy Linden
613,613,teague,\N,\N,1921-02-22,American,Marshall Teague
614,614,edmunds,\N,\N,1930-09-23,American,Don Edmunds
615,615,agabashian,\N,\N,1913-08-21,American,Fred Agabashian
616,616,george,\N,\N,1928-07-15,American,Elmer George
617,617,macdowel,\N,\N,1932-09-13,British,Mike MacDowel
618,618,mackay-fraser,\N,\N,1927-06-23,American,Herbert MacKay-Fraser
619,619,gerard,\N,\N,1914-01-19,British,Bob Gerard
620,620,maglioli,\N,\N,1928-06-05,Italian,Umberto Maglioli
621,621,england,\N,\N,1929-03-28,Australian,Paul England
622,622,landi,\N,\N,1907-07-14,Brazilian,Chico Landi
623,623,uria,\N,\N,1924-07-11,Uruguayan,Alberto Uria
624,624,ramos,\N,\N,1925-12-07,Brazilian,Hernando da Silva Ramos
625,625,bayol,\N,\N,1914-02-28,French,Élie Bayol
626,626,manzon,\N,\N,1917-04-12,French,Robert Manzon
627,627,rosier,\N,\N,1905-11-05,French,Louis Rosier
628,628,sweikert,\N,\N,1926-05-20,American,Bob Sweikert
629,629,griffith,\N,\N,1916-02-06,American,Cliff Griffith
630,630,dinsmore,\N,\N,1913-04-10,American,Duke Dinsmore
631,631,andrews,\N,\N,1920-06-15,American,Keith Andrews
632,632,frere,\N,\N,1917-01-30,Belgian,Paul Frère
633,633,villoresi,\N,\N,1909-05-16,Italian,Luigi Villoresi
634,634,scotti,\N,\N,1909-11-11,Italian,Piero Scotti
635,635,chapman,\N,\N,1928-05-19,British,Colin Chapman
636,636,titterington,\N,\N,1928-05-01,British,Desmond Titterington
637,637,scott_Brown,\N,\N,1927-05-13,British,Archie Scott Brown
638,638,volonterio,\N,\N,1917-12-07,Swiss,Ottorino Volonterio
639,639,milhoux,\N,\N,1928-12-09,Belgian,André Milhoux
640,640,graffenried,\N,\N,1914-05-18,Swiss,Toulo de Graffenried
641,641,taruffi,\N,\N,1906-10-12,Italian,Piero Taruffi
642,642,farina,\N,\N,1906-10-30,Italian,Nino Farina
643,643,mieres,\N,\N,1924-12-03,Argentine,Roberto Mieres
644,644,mantovani,\N,\N,1929-05-22,Italian,Sergio Mantovani
645,645,bucci,\N,\N,1920-09-04,Argentine,Clemar Bucci
646,646,iglesias,\N,\N,1922-02-22,Argentine,Jesús Iglesias
647,647,ascari,\N,\N,1918-07-13,Italian,Alberto Ascari
648,648,kling,\N,\N,1910-09-16,German,Karl Kling
649,649,birger,\N,\N,1924-01-07,Argentine,Pablo Birger
650,650,pollet,\N,\N,1922-07-02,French,Jacques Pollet
651,651,macklin,\N,\N,1919-09-02,British,Lance Macklin
652,652,whiteaway,\N,\N,1928-11-01,British,Ted Whiteaway
653,653,davies,\N,\N,1929-08-08,American,Jimmy Davies
654,654,faulkner,\N,\N,1920-02-16,American,Walt Faulkner
655,655,niday,\N,\N,1914-04-29,American,Cal Niday
656,656,cross,\N,\N,1918-01-24,American,Art Cross
657,657,vukovich,\N,\N,1918-12-13,American,Bill Vukovich
658,658,mcgrath,\N,\N,1919-10-08,American,Jack McGrath
659,659,hoyt,\N,\N,1929-01-29,American,Jerry Hoyt
660,660,claes,\N,\N,1916-08-11,Belgian,Johnny Claes
661,661,peter_walker,\N,\N,1912-10-07,British,Peter Walker
662,662,sparken,\N,\N,1930-06-16,French,Mike Sparken
663,663,wharton,\N,\N,1916-03-21,British,Ken Wharton
664,664,mcalpine,\N,\N,1920-09-21,British,Kenneth McAlpine
665,665,marr,\N,\N,1922-08-14,British,Leslie Marr
666,666,rolt,\N,\N,1918-10-16,British,Tony Rolt
667,667,fitch,\N,\N,1917-08-04,American,John Fitch
668,668,lucas,\N,\N,1917-04-25,French,Jean Lucas
669,669,bira,\N,\N,1914-07-15,Thai,Prince Bira
670,670,marimon,\N,\N,1923-12-19,Argentine,Onofre Marimón
671,671,loyer,\N,\N,1907-08-05,French,Roger Loyer
672,672,daponte,\N,\N,1923-06-05,Argentine,Jorge Daponte
673,673,nazaruk,\N,\N,1921-10-02,American,Mike Nazaruk
674,674,crockett,\N,\N,1926-10-23,American,Larry Crockett
675,675,ayulo,\N,\N,1921-10-20,American,Manny Ayulo
676,676,armi,\N,\N,1918-10-12,American,Frank Armi
677,677,webb,\N,\N,1910-10-08,American,Travis Webb
678,678,duncan,\N,\N,1911-07-25,American,Len Duncan
679,679,mccoy,\N,\N,1921-02-19,American,Ernie McCoy
680,680,swaters,\N,\N,1926-10-30,American,Jacques Swaters
681,681,georges_berger,\N,\N,1918-09-14,Belgian,Georges Berger
682,682,beauman,\N,\N,1928-07-26,British,Don Beauman
683,683,thorne,\N,\N,1916-06-23,British,Leslie Thorne
684,684,whitehouse,\N,\N,1909-04-01,British,Bill Whitehouse
685,685,riseley_prichard,\N,\N,1924-01-17,British,John Riseley-Prichard
686,686,reg_parnell,\N,\N,1911-07-02,British,Reg Parnell
687,687,whitehead,\N,\N,1914-11-12,British,Peter Whitehead
688,688,brandon,\N,\N,1920-07-18,British,Eric Brandon
689,689,alan_brown,\N,\N,1919-11-20,British,Alan Brown
690,690,nuckey,\N,\N,1929-06-26,British,Rodney Nuckey
691,691,lang,\N,\N,1909-04-06,German,Hermann Lang
692,692,helfrich,\N,\N,1913-05-13,German,Theo Helfrich
693,693,wacker,\N,\N,1918-07-10,American,Fred Wacker
694,694,riu,\N,\N,1925-03-10,Italian,Giovanni de Riu
695,695,galvez,\N,\N,1913-08-17,Argentine,Oscar Gálvez
696,696,john_barber,\N,\N,1929-07-22,British,John Barber
697,697,bonetto,\N,\N,1903-06-09,Italian,Felice Bonetto
698,698,cruz,\N,\N,1923-06-28,Argentine,Adolfo Cruz
699,699,nalon,\N,\N,1913-03-02,American,Duke Nalon
700,700,scarborough,\N,\N,1914-07-03,American,Carl Scarborough
701,701,holland,\N,\N,1907-12-18,American,Bill Holland
702,702,bob_scott,\N,\N,1928-10-04,American,Bob Scott
703,703,legat,\N,\N,1898-11-01,Belgian,Arthur Legat
704,704,cabantous,\N,\N,1904-10-08,French,Yves Cabantous
705,705,crook,\N,\N,1920-02-16,British,Tony Crook
706,706,jimmy_stewart,\N,\N,1931-03-06,British,Jimmy Stewart
707,707,ian_stewart,\N,\N,1929-07-15,British,Ian Stewart
708,708,duncan_hamilton,\N,\N,1920-04-30,British,Duncan Hamilton
709,709,klodwig,\N,\N,1903-05-23,East German,Ernst Klodwig
710,710,krause,\N,\N,1907-03-30,East German,Rudolf Krause
711,711,karch,\N,\N,1917-03-06,German,Oswald Karch
712,712,heeks,\N,\N,1922-02-13,German,Willi Heeks
713,713,fitzau,\N,\N,1923-02-10,East German,Theo Fitzau
714,714,adolff,\N,\N,1921-11-05,German,Kurt Adolff
715,715,bechem,\N,\N,1921-12-21,German,Günther Bechem
716,716,bauer,\N,\N,1912-07-17,German,Erwin Bauer
717,717,hans_stuck,\N,\N,1900-12-27,German,Hans von Stuck
718,718,loof,\N,\N,1907-07-04,German,Ernst Loof
719,719,scherrer,\N,\N,1908-02-28,Swiss,Albert Scherrer
720,720,terra,\N,\N,1918-10-06,Swiss,Max de Terra
721,721,hirt,\N,\N,1910-03-30,Swiss,Peter Hirt
722,722,carini,\N,\N,1921-03-06,Italian,Piero Carini
723,723,fischer,\N,\N,1912-04-19,Swiss,Rudi Fischer
724,724,ulmen,\N,\N,1906-01-25,German,Toni Ulmen
725,725,abecassis,\N,\N,1913-03-21,British,George Abecassis
726,726,george_connor,\N,\N,1906-08-16,American,George Connor
727,727,rigsby,\N,\N,1923-06-06,American,Jim Rigsby
728,728,james,\N,\N,1925-05-23,American,Joe James
729,729,schindler,\N,\N,1909-03-06,American,Bill Schindler
730,730,fonder,\N,\N,1917-06-22,American,George Fonder
731,731,banks,\N,\N,1913-06-14,American,Henry Banks
732,732,mcdowell,\N,\N,1915-01-29,American,Johnny McDowell
733,733,miller,\N,\N,1902-07-19,American,Chet Miller
734,734,ball,\N,\N,1925-08-26,American,Bobby Ball
735,735,tornaco,\N,\N,1927-06-07,Belgian,Charles de Tornaco
736,736,laurent,\N,\N,1913-02-21,Belgian,Roger Laurent
737,737,obrien,\N,\N,1908-04-11,American,Robert O'Brien
738,738,gaze,\N,\N,1920-02-03,Australian,Tony Gaze
739,739,charrington,\N,\N,1915-06-23,British,Robin Montgomerie-Charrington
740,740,comotti,\N,\N,1906-07-24,Italian,Franco Comotti
741,741,etancelin,\N,\N,1896-12-28,French,Philippe Étancelin
742,742,poore,\N,\N,1916-08-19,British,Dennis Poore
743,743,thompson,\N,\N,1919-11-04,British,Eric Thompson
744,744,downing,\N,\N,1917-12-05,British,Ken Downing
745,745,graham_whitehead,\N,\N,1922-04-15,British,Graham Whitehead
746,746,bianco,\N,\N,1916-07-22,Brazilian,Gino Bianco
747,747,murray,\N,\N,1909-12-28,British,David Murray
748,748,cantoni,\N,\N,1906-10-04,Uruguayan,Eitel Cantoni
749,749,aston,\N,\N,1900-03-29,British,Bill Aston
750,750,brudes,\N,\N,1899-10-15,German,Adolf Brudes
751,751,riess,\N,\N,1922-07-11,German,Fritz Riess
752,752,niedermayr,\N,\N,1915-11-29,German,Helmut Niedermayr
753,753,klenk,\N,\N,1919-10-28,German,Hans Klenk
754,754,balsa,\N,\N,1909-01-01,French,Marcel Balsa
755,755,schoeller,\N,\N,1902-04-27,Swiss,Rudolf Schoeller
756,756,pietsch,\N,\N,1911-06-20,German,Paul Pietsch
757,757,peters,\N,\N,1914-09-16,German,Josef Peters
758,758,lof,\N,\N,1919-08-23,Dutch,Dries van der Lof
759,759,flinterman,\N,\N,1919-10-02,Dutch,Jan Flinterman
760,760,dusio,\N,\N,1899-10-13,Italian,Piero Dusio
761,761,crespo,\N,\N,1920-01-16,Argentine,Alberto Crespo
762,762,rol,\N,\N,1908-06-05,Italian,Franco Rol
763,763,sanesi,\N,\N,1911-03-28,Italian,Consalvo Sanesi
764,764,guy_mairesse,\N,\N,1910-08-10,French,Guy Mairesse
765,765,louveau,\N,\N,1910-01-25,French,Henri Louveau
766,766,wallard,\N,\N,1910-09-07,American,Lee Wallard
767,767,forberg,\N,\N,1911-03-04,American,Carl Forberg
768,768,rose,\N,\N,1906-05-26,American,Mauri Rose
769,769,mackey,\N,\N,1927-12-15,American,Bill Mackey
770,770,green,\N,\N,1919-09-30,American,Cecil Green
771,771,walt_brown,\N,\N,1911-12-30,American,Walt Brown
772,772,hellings,\N,\N,1915-09-14,American,Mack Hellings
773,773,levegh,\N,\N,1905-12-22,French,Pierre Levegh
774,774,chaboud,\N,\N,1907-04-12,French,Eugène Chaboud
775,775,gordini,\N,\N,1921-05-20,French,Aldo Gordini
776,776,kelly,\N,\N,1913-03-13,Irish,Joe Kelly
777,777,parker,\N,\N,1907-09-22,British,Philip Fotheringham-Parker
778,778,shawe_taylor,\N,\N,1915-01-28,British,Brian Shawe Taylor
779,779,john_james,\N,\N,1914-05-10,British,John James
780,780,branca,\N,\N,1916-09-15,Swiss,Toni Branca
781,781,richardson,\N,\N,1911-08-21,British,Ken Richardson
782,782,jover,\N,\N,1903-11-23,Spanish,Juan Jover
783,783,grignard,\N,\N,1905-07-25,French,Georges Grignard
784,784,hampshire,\N,\N,1917-12-29,British,David Hampshire
785,785,crossley,\N,\N,1921-05-11,British,Geoff Crossley
786,786,fagioli,\N,\N,1898-06-09,Italian,Luigi Fagioli
787,787,harrison,\N,\N,1906-07-06,British,Cuth Harrison
788,788,fry,\N,\N,1915-10-26,British,Joe Fry
789,789,martin,\N,\N,1915-03-24,French,Eugène Martin
790,790,leslie_johnson,\N,\N,1912-03-22,British,Leslie Johnson
791,791,biondetti,\N,\N,1898-08-18,Italian,Clemente Biondetti
792,792,pian,\N,\N,1912-10-21,Argentine,Alfredo Pián
793,793,sommer,\N,\N,1906-08-31,French,Raymond Sommer
794,794,chitwood,\N,\N,1912-04-14,American,Joie Chitwood
795,795,fohr,\N,\N,1912-06-17,American,Myron Fohr
796,796,ader,\N,\N,1913-12-15,American,Walt Ader
797,797,holmes,\N,\N,1920-09-04,American,Jackie Holmes
798,798,levrett,\N,\N,1914-02-14,American,Bayliss Levrett
799,799,jackson,\N,\N,1910-07-25,American,Jimmy Jackson
800,800,pagani,\N,\N,1911-10-11,Italian,Nello Pagani
801,801,pozzi,\N,\N,1909-08-27,French,Charles Pozzi
802,802,serafini,\N,\N,1909-07-22,Italian,Dorino Serafini
803,803,cantrell,\N,\N,1908-01-31,American,Bill Cantrell
804,804,mantz,\N,\N,1918-09-18,American,Johnny Mantz
805,805,kladis,\N,\N,1917-02-10,American,Danny Kladis
806,806,oscar_gonzalez,\N,\N,1923-11-10,Uruguayan,Óscar González
807,807,hulkenberg,27,HUL,1987-08-19,German,Nico Hülkenberg
808,808,petrov,\N,PET,1984-09-08,Russian,Vitaly Petrov
809,810,grassi,\N,DIG,1984-08-11,Brazilian,Lucas di Grassi
810,811,bruno_senna,\N,SEN,1983-10-15,Brazilian,Bruno Senna
811,812,chandhok,\N,CHA,1984-01-19,Indian,Karun Chandhok
812,813,maldonado,13,MAL,1985-03-09,Venezuelan,Pastor Maldonado
813,814,resta,\N,DIR,1986-04-16,British,Paul di Resta
814,815,perez,11,PER,1990-01-26,Mexican,Sergio Pérez
815,816,ambrosio,\N,DAM,1985-12-27,Belgian,Jérôme d'Ambrosio
816,817,ricciardo,3,RIC,1989-07-01,Australian,Daniel Ricciardo
817,818,vergne,25,VER,1990-04-25,French,Jean-Éric Vergne
818,819,pic,\N,PIC,1990-02-15,French,Charles Pic
819,820,chilton,4,CHI,1991-04-21,British,Max Chilton
820,821,gutierrez,21,GUT,1991-08-05,Mexican,Esteban Gutiérrez
821,822,bottas,77,BOT,1989-08-28,Finnish,Valtteri Bottas
822,823,garde,\N,VDG,1985-04-25,Dutch,Giedo van der Garde
823,824,jules_bianchi,17,BIA,1989-08-03,French,Jules Bianchi
824,825,kevin_magnussen,20,MAG,1992-10-05,Danish,Kevin Magnussen
825,826,kvyat,26,KVY,1994-04-26,Russian,Daniil Kvyat
826,827,lotterer,45,LOT,1981-11-19,German,André Lotterer
827,828,ericsson,9,ERI,1990-09-02,Swedish,Marcus Ericsson
828,829,stevens,28,STE,1991-06-28,British,Will Stevens
829,830,max_verstappen,33,VER,1997-09-30,Dutch,Max Verstappen
830,831,nasr,12,NAS,1992-08-21,Brazilian,Felipe Nasr
831,832,sainz,55,SAI,1994-09-01,Spanish,Carlos Sainz
832,833,merhi,98,MER,1991-03-22,Spanish,Roberto Merhi
833,834,rossi,53,RSS,1991-09-25,American,Alexander Rossi
834,835,jolyon_palmer,30,PAL,1991-01-20,British,Jolyon Palmer
835,836,wehrlein,94,WEH,1994-10-18,German,Pascal Wehrlein
836,837,haryanto,88,HAR,1993-01-22,Indonesian,Rio Haryanto
837,838,vandoorne,2,VAN,1992-03-26,Belgian,Stoffel Vandoorne
838,839,ocon,31,OCO,1996-09-17,French,Esteban Ocon
839,840,stroll,18,STR,1998-10-29,Canadian,Lance Stroll
840,841,giovinazzi,99,GIO,1993-12-14,Italian,Antonio Giovinazzi
841,843,brendon_hartley,28,HAR,1989-11-10,New Zealander,Brendon Hartley
842,844,leclerc,16,LEC,1997-10-16,Monegasque,Charles Leclerc
843,845,sirotkin,35,SIR,1995-08-27,Russian,Sergey Sirotkin
844,846,norris,4,NOR,1999-11-13,British,Lando Norris
845,847,russell,63,RUS,1998-02-15,British,George Russell
846,848,albon,23,ALB,1996-03-23,Thai,Alexander Albon
847,849,latifi,6,LAT,1995-06-29,Canadian,Nicholas Latifi
